cluster,Placebo,Temazepam
0,27.27272727272727,45.45454545454545
1,40.909090909090914,27.27272727272727
2,31.818181818181817,27.27272727272727
