cluster,Placebo,Temazepam
0,45.45454545454545,45.45454545454545
1,9.090909090909092,0.0
2,45.45454545454545,54.54545454545454
