cluster,Placebo,Temazepam
0,22.727272727272727,18.181818181818183
1,18.181818181818183,4.545454545454546
2,22.727272727272727,27.27272727272727
3,13.636363636363635,13.636363636363635
4,13.636363636363635,9.090909090909092
5,9.090909090909092,27.27272727272727
